{
  "DOMAIN": "Interstellar",
  "SYMBOLS": {
    "一": {
      "subsystem": "TRAJECTORY_CONTROL",
      "function": "Adjust navigation, perform course corrections"
    },
    "丨": {
      "subsystem": "SENSOR_SYSTEMS",
      "function": "Collect stellar/environmental/atmospheric data"
    },
    "丿": {
      "subsystem": "DATA_TRANSMISSION",
      "function": "Transmit data packets, telemetry to Earth"
    },
    "乀": {
      "subsystem": "SYSTEM_DIAGNOSTICS",
      "function": "Health check, module scanning"
    },
    "乙": {
      "subsystem": "RESOURCE_ALLOCATION",
      "function": "Distribute power, fuel, computation"
    },
    "丶": {
      "subsystem": "EMERGENCY_PROTOCOL",
      "function": "Activate failsafe, fallback, or safe mode"
    }
  },
  "CONTEXTUAL_MODIFIERS": {
    "丨丨": "Perform tasks in parallel",
    "丿丶": "Optional mission step",
    "一一丨": "Critical maneuver",
    "丶丶": "Emergency override mode"
  }
}