{
  "DOMAIN": "Smart City",
  "SYMBOLS": {
    "一": {
      "subsystem": "TRAFFIC_CONTROL",
      "function": "Route optimization, signal control"
    },
    "丨": {
      "subsystem": "POWER_GRID",
      "function": "Load balance, energy routing"
    },
    "乀": {
      "subsystem": "EMERGENCY_SERVICES",
      "function": "Dispatch units, trigger response"
    },
    "丶": {
      "subsystem": "PUBLIC_TRANSIT",
      "function": "Bus/train command, route adjust"
    },
    "乙": {
      "subsystem": "WATER_MANAGEMENT",
      "function": "Flow control, leak detection"
    },
    "丿": {
      "subsystem": "DATA_SENSOR_NET",
      "function": "Environment data polling"
    }
  },
  "CONTEXTUAL_MODIFIERS": {
    "丨丨": "Execute in parallel",
    "丿丶": "Optional/soft trigger",
    "一一丨": "Critical override",
    "丶丶": "Emergency priority"
  }
}