{
  "PRIMITIVE": {
    "一": {
      "name": "HORIZONTAL",
      "meaning": "Sequential Execution"
    },
    "丨": {
      "name": "VERTICAL",
      "meaning": "Conditional Check"
    },
    "丿": {
      "name": "DIAGONAL_LEFT",
      "meaning": "Data Retrieval"
    },
    "乀": {
      "name": "DIAGONAL_RIGHT",
      "meaning": "Data Storage"
    },
    "乙": {
      "name": "HOOK",
      "meaning": "Iterative Loop"
    },
    "丶": {
      "name": "DOT",
      "meaning": "Process Termination"
    }
  },
  "COMPOUND": {
    "ACTION_SEQUENCE": [
      "一",
      "一",
      "一"
    ],
    "CONDITIONAL_BRANCH": [
      "丨",
      "丿",
      "乀"
    ],
    "ITERATIVE_LOOP": [
      "乙",
      "一",
      "丨"
    ],
    "ERROR_HANDLER": [
      "乀",
      "丶",
      "丨"
    ],
    "DATA_FLOW": [
      "丿",
      "乀",
      "丿"
    ]
  },
  "CONTEXTUAL": {
    "PRIORITY_MARKER": "丶",
    "PARALLEL_EXECUTION": "丨丨",
    "OPTIONAL_OPERATION": "丿丶",
    "CRITICAL_PATH": "一一丨"
  }
}